INSERT INTO category(id, name, description) VALUES
    (1, 'Ciasta', 'Bardzo smaczne ciacha'),
    (2, 'Obiadowe', 'Obiadki dla każdego'),
    (3, 'Wegetariańskie', 'Bo wege modne'),
    (4, 'Śniadania', 'Najważniejsza sprawa');

INSERT INTO recipe(id, name, description, preparation, likes, img_url, category_id) VALUES
    (1,
     'Krokiety z serem i pieczarkami',
     'Smaczne hoho',
     'Zacznijmy od przygotowania naleśników. Mój przepis na naleśniki jest dość prosty ale skuteczny. Nigdy nie wyrzuciłem pierwszego co ponoć nie jest możliwe. Półtora kubka mleka mieszamy z kubkiem wody. Szczypta soli. Wbijamy jedno jajko i mieszamy mikserem. Dodajemy do mieszanki mąki. Nie piszę ile bo nigdy tego nie mierzę. Dosypuję małymi porcjami aż ciasto osiągnie należytą gęstość. Nie będzie się przelewało przez mieszadło ale nie powinno być też zbyt gęste. Jeśli sypnie się nam za dużo mąki wystarczy dolać wody lub mleka. Podczas smażenia naleśników warto co jakiś czas ciasto przemieszać. Z podanych ilości powinno wyjść około 10-12 naleśników.',
     2,
     'https://static.smaker.pl/photos/3/8/9/389cabed2415d704dede91c2aaef273d_360646_60145f0c23397_wm.jpg',
     2),
    (2,
     'Oponki z serem',
     'Fajowe takie',
     'Mąkę przesiać na stolnicę, następnie zrobić wgłębienie dodać biały ser (jeżeli ma grudki przepuścić przez praskę), śmietanę, sody, octu cukru i żółtka. Wszystko razem zagnieść. Zagniecione ciasto wałkować na grubość ok 5 milimetrów. Wykrawać krążki dużą szklanką a w środku zrobić mniejsze kieliszkiem. Przy wałkowaniu podsypujemy mąka aby ciasto się za bardzo nie przyklejało, ale nie zbyt dużo bo będzie się tłuszcz pienił. Tłuszcz rozgrzać w garnku, aby sprawdzić czy już jest gorący wrzucamy mały kawałek ciasta i jak zaraz wypłynie na to tłuszcz jest nagrzany. Smażyć do zarumienienia się, wyciągać na papier aby osączyć z tłuszczu. Po przestudzeniu posypać cukrem pudrem.',
     5,
     'https://static.smaker.pl/photos/1/1/9/1196945f9c2e6f3feb204d2da15366b6_288736_60120af15bed9_wm.jpg',
     1),
    (3,
    'JAJECZNICA Z SEREM.',
    'Kremowa, pulchna i puszysta jajecznica na maśle z niebieskim serem pleśniowym i czerwoną papryką.',
    'Jajka wbić do miseczki, roztrzepać widelcem. Na patelni rozgrzać lekko masło, dodać pokrojoną w niewielką kostkę paprykę. Następnie wlać jajka, wkruszyć ser z niebieską pleśnią - całość podgrzewać na niewielkim ogniu, od czasu do czasu wymieszać jajecznicę drewnianą łyżką tak, aby była w dużych pulchnych kawałkach. Doprawić do smaku solą oraz pieprzem. Podawać natychmiast po przygotowaniu.',
    10,
    'https://1.bp.blogspot.com/-tzpHwcOTnIY/YDON48uvUPI/AAAAAAAAHGE/zt4vVxMjMZ8Q3e_nfpYtIxjXzLmvmdZUQCLcBGAsYHQ/w640-h426/DSC_4519.jpg',
    4),
    (4,
    'ŁATWA SAŁATKA POMIDOROWA DO MIĘS',
    'Sałatka pomidorowa do pieczonych i duszonych mięs z cebulą i sałatą rzymską. Swój smak zawdzięcza niesamowitemu sosowi z czosnkiem, parmezanem, miodem, oliwą z oliwek i sokiem z cytryny. Pokochasz tą prostą sałatkę, która doskonale uzupełni Twoje grillowane mięsa, łososia albo pieczonego kurczaka.',
    'Pomidory umyć i pokroić w plasterki (wcześniej można sparzyć i obrać ze skórki. Liście sałaty opłukać i osączyć z wody, porwać na mniejsze kawałki. Czerwoną cebulę obrać i pokroić w piórka.',
    5,
    'https://1.bp.blogspot.com/-otLuu8mdAhk/YDNnsySGKtI/AAAAAAAAHF0/LR-Lf-L2rrwdNwxoLtJ55e0a9lGqYKlDgCLcBGAsYHQ/w640-h426/DSC_4703.jpg',
    3);

INSERT INTO components(id, name, grammage, recipe_id) VALUES
(1, 'czosnek', '1/2', 1),
(2, 'mąka', '20g', 1),
(3, 'cukier', '5g', 2),
(4, 'pieprz', '10 deko', 1),
(5, 'sól', '5g', 2),
(6, 'ser', 'plasterek', 1),
(7, 'czosnek', '1/2', 2),
(8, 'mąka', '20g', 1),
(9, 'cukier', '5g', 2),
(10, 'pieprz', '10 deko', 1),
(11, 'sól', '5g', 1),
(12, 'ser', 'plasterek', 1),
(13, 'czosnek', '1/2', 2),
(14, 'mąka', '20g', 1),
(15, 'cukier', '5g', 2),
(16, 'pieprz', '10 deko', 2),
(17, 'sól', '5g', 2),
(18, 'ser', 'plasterek', 1);